title,rating,number_of_reviews,category,address,website,phone,img_link,link
Urban Outfitters,3.8,153,Clothing store,"5 Shires Ln, Leicester LE1 4JB, United Kingdom",urbanoutfitters.com,+44 116 251 0137,https://lh5.googleusercontent.com/p/AF1QipPPMPzIM6VaXIreAHZV3884ue_0hU8dDgx0_Ary=w408-h544-k-no,https://www.google.com/maps/place/Urban+Outfitters/data=!4m7!3m6!1s0x487760e04eb8928f:0xcd8bf94458e1d3be!8m2!3d52.6366671!4d-1.1364118!16s%2Fg%2F11gfd3sfl5!19sChIJj5K4TuBgd0gRvtPhWET5i80?authuser=0&hl=en&rclk=1
Matalan,3.7,477,Clothing store,"100 Church Gate, Leicester LE1 4AL, United Kingdom",store.matalan.co.uk,+44 333 004 4444,https://lh5.googleusercontent.com/p/AF1QipOPb3EeyvgqLRGwHtoNxiR-gdIrN7cY5tKpyIlh=w493-h240-k-no,https://www.google.com/maps/place/Matalan/data=!4m7!3m6!1s0x4877611de241642d:0x2fdd3e84a229b8a7!8m2!3d52.6388487!4d-1.1359388!16s%2Fg%2F1tfm64sk!19sChIJLWRB4h1hd0gRp7gpooQ-3S8?authuser=0&hl=en&rclk=1
Next,4.1,436,Clothing store,"UNIT MSU8, High Cross, Bath House Ln, Leicester LE1 4SA, United Kingdom",next.co.uk,+44 333 005 5606,https://lh5.googleusercontent.com/p/AF1QipPO7vkuDMft8WXS2jM7W70WEQBipk9G-It-j8M0=w408-h306-k-no,https://www.google.com/maps/place/Next/data=!4m7!3m6!1s0x487e7db813f26921:0x892b35988ad7156!8m2!3d52.6372778!4d-1.1374822!16s%2Fg%2F1th5c26k!19sChIJIWnyE7h9fkgRVnGtiFmzkgg?authuser=0&hl=en&rclk=1
Fashion Ghar Leicester,4.2,5,Women's clothing store,"98 Belgrave Rd, Leicester LE4 5AT, United Kingdom",,+44 116 251 4118,https://lh5.googleusercontent.com/p/AF1QipPg-uA-GwT4_vTRrdhrzPhnuKkiDvjW-byFvnGA=w408-h268-k-no,https://www.google.com/maps/place/Fashion+Ghar+Leicester/data=!4m7!3m6!1s0x4877610f60657d0d:0xffc8536229404138!8m2!3d52.6479644!4d-1.124145!16s%2Fg%2F1tflrj0s!19sChIJDX1lYA9hd0gROEFAKWJTyP8?authuser=0&hl=en&rclk=1
PILOT,4.3,76,Clothing store,"58 High St, Leicester LE1 5YP, United Kingdom",mypilot.co.uk,+44 116 262 8200,https://lh5.googleusercontent.com/p/AF1QipOcsCjZWQ5rntM-viLVhno5OgLsrt6kH7mOfnIJ=w426-h240-k-no,https://www.google.com/maps/place/PILOT/data=!4m7!3m6!1s0x487760e0297b1c93:0x1a9d3f8ee4dfaeae!8m2!3d52.6354972!4d-1.1365069!16s%2Fg%2F11hdccx15m!19sChIJkxx7KeBgd0gRrq7f5I4_nRo?authuser=0&hl=en&rclk=1
USC,3.9,38,Clothing store,"52/56 Gallowtree Gate, Leicester LE1 1DA, United Kingdom",usc.co.uk,+44 343 777 1780,https://lh5.googleusercontent.com/p/AF1QipMffRSrTXi1r3fEFUliDZpFegLUf4wj7zlIMIzd=w408-h306-k-no,https://www.google.com/maps/place/USC/data=!4m7!3m6!1s0x48776131636d3b71:0x79c7594aed836f87!8m2!3d52.635399!4d-1.131698!16s%2Fg%2F11fn9fmcv5!19sChIJcTttYzFhd0gRh2-D7UpZx3k?authuser=0&hl=en&rclk=1
RANG JAH,4.3,49,Women's clothing store,"34 St Peters Rd, Leicester LE2 1DA, United Kingdom",rangjah.com,+44 7576 159994,https://lh5.googleusercontent.com/p/AF1QipMazEiKD9r_-_vLpGo7w1p58453DSmNnbXrcIY4=w413-h240-k-no,https://www.google.com/maps/place/RANG+JAH/data=!4m7!3m6!1s0x4877618a02d9d717:0x17f095806e7e143d!8m2!3d52.629711!4d-1.114222!16s%2Fg%2F11ft1wv3dk!19sChIJF9fZAophd0gRPRR-boCV8Bc?authuser=0&hl=en&rclk=1
Maze,4.6,41,Clothing store,"29 High St, Leicester LE1 4FP, United Kingdom",mazefashion.co.uk,+44 116 262 5555,https://lh5.googleusercontent.com/p/AF1QipOHHNUBtVS6Fp36c97eGue9IiuazWfRXcUIczKD=w408-h543-k-no,https://www.google.com/maps/place/Maze/data=!4m7!3m6!1s0x4877611fc7cc179f:0xe046ed957016f3db!8m2!3d52.635879!4d-1.135368!16s%2Fg%2F1tcydznq!19sChIJnxfMxx9hd0gR2_MWcJXtRuA?authuser=0&hl=en&rclk=1
Nim's Boutique,4.3,106,Women's clothing store,"28-30 Market St, Leicester LE1 6DP, United Kingdom",nimsboutique.com,+44 116 243 6770,https://lh5.googleusercontent.com/p/AF1QipNYNd9uzKxstF89fNfDi3Rc8DTpTHW9qDii5A4=w408-h306-k-no,https://www.google.com/maps/place/Nim%27s+Boutique/data=!4m7!3m6!1s0x487760c4d339984f:0xf3859af62a57c957!8m2!3d52.6327142!4d-1.1332046!16s%2Fg%2F11c1qbxngf!19sChIJT5g508Rgd0gRV8lXKvaahfM?authuser=0&hl=en&rclk=1
Saree Mandir,3.9,85,Women's clothing store,"117-119 Belgrave Rd, Leicester LE4 6AS, United Kingdom",sareemandir.com,+44 116 266 8144,https://lh5.googleusercontent.com/p/AF1QipMsQoUuuChIGPGyyrCpGH93y2xla2_Lm5KxezqM=w408-h258-k-no,https://www.google.com/maps/place/Saree+Mandir/data=!4m7!3m6!1s0x48776108dc89a2a9:0xc526c7907633ef37!8m2!3d52.6502159!4d-1.1219726!16s%2Fg%2F1tftkqbj!19sChIJqaKJ3Ahhd0gRN-8zdpDHJsU?authuser=0&hl=en&rclk=1
BluTit Thrift,4.4,7,Clothing store,"33 Silver St, Leicester LE1 5EU, United Kingdom",,+44 116 253 8348,https://lh5.googleusercontent.com/p/AF1QipPncMtwh7YHK6jA1PzKJtWQ8ylzDPsu17QnbobI=w408-h544-k-no,https://www.google.com/maps/place/BluTit+Thrift/data=!4m7!3m6!1s0x487761426f7e1b11:0x992b4a9a08df177b!8m2!3d52.6354031!4d-1.1356728!16s%2Fg%2F11h7zbz9vp!19sChIJERt-b0Jhd0gRexffCJpKK5k?authuser=0&hl=en&rclk=1
Top Girl,3.7,36,Women's clothing store,"Kemble Gallery, 18a Haymarket, Leicester LE1 3YR, United Kingdom",,+44 116 251 9743,https://lh5.googleusercontent.com/p/AF1QipMRNYZKHGNHhoinTgyrJv6vwbZld7JO8ufB_1j0=w408-h290-k-no,https://www.google.com/maps/place/Top+Girl/data=!4m7!3m6!1s0x4877611ee9d744cb:0x822a5e7af04c2c08!8m2!3d52.637052!4d-1.1314355!16s%2Fg%2F1tf1b7rw!19sChIJy0TX6R5hd0gRCCxM8HpeKoI?authuser=0&hl=en&rclk=1
Yusuf Fashions,4.6,8,Children's clothing store,"35 Wood Hill, Leicester LE5 3SQ, United Kingdom",yusuffashions.co.uk,+44 7988 807901,https://lh5.googleusercontent.com/p/AF1QipOTMC1zkduYPP9WQGdy8n4Q4iVCOJq1AHr8wb7v=w408-h306-k-no,https://www.google.com/maps/place/Yusuf+Fashions/data=!4m7!3m6!1s0x4877616943592e5f:0xfdcfdaa53bc4794b!8m2!3d52.637843!4d-1.104365!16s%2Fg%2F1tf01zyj!19sChIJXy5ZQ2lhd0gRS3nEO6Xaz_0?authuser=0&hl=en&rclk=1
Top Girl,3.7,36,Women's clothing store,"Kemble Gallery, 18a Haymarket, Leicester LE1 3YR, United Kingdom",,+44 116 251 9743,https://lh5.googleusercontent.com/p/AF1QipMRNYZKHGNHhoinTgyrJv6vwbZld7JO8ufB_1j0=w408-h290-k-no,https://www.google.com/maps/place/Top+Girl/data=!4m7!3m6!1s0x4877611ee9d744cb:0x822a5e7af04c2c08!8m2!3d52.637052!4d-1.1314355!16s%2Fg%2F1tf1b7rw!19sChIJy0TX6R5hd0gRCCxM8HpeKoI?authuser=0&hl=en&rclk=1
Yusuf Fashions,4.6,8,Children's clothing store,"35 Wood Hill, Leicester LE5 3SQ, United Kingdom",yusuffashions.co.uk,+44 7988 807901,https://lh5.googleusercontent.com/p/AF1QipOTMC1zkduYPP9WQGdy8n4Q4iVCOJq1AHr8wb7v=w408-h306-k-no,https://www.google.com/maps/place/Yusuf+Fashions/data=!4m7!3m6!1s0x4877616943592e5f:0xfdcfdaa53bc4794b!8m2!3d52.637843!4d-1.104365!16s%2Fg%2F1tf01zyj!19sChIJXy5ZQ2lhd0gRS3nEO6Xaz_0?authuser=0&hl=en&rclk=1
The Vintage Scene Leicester,4.5,42,Vintage clothing store,"40 Silver St, Leicester LE1 5ET, United Kingdom",thevintagescene.com,+44 116 262 9859,https://lh5.googleusercontent.com/p/AF1QipPrFw_zGY605uIY8_p2Qglpgn0PcbplBy28wEC1=w426-h240-k-no,https://www.google.com/maps/place/The+Vintage+Scene+Leicester/data=!4m7!3m6!1s0x4877611fd07e68bf:0x59603cfbdefae8d6!8m2!3d52.6351495!4d-1.1356366!16s%2Fg%2F11bw5m9cyv!19sChIJv2h-0B9hd0gR1uj63vs8YFk?authuser=0&hl=en&rclk=1
Get Fashion - Leicester- Latest Womens Abayas And Dresses .,5.0,1,Women's clothing store,"148 Green Ln Rd, Leicester LE5 3TL, United Kingdom",,+44 7725 449649,https://lh5.googleusercontent.com/p/AF1QipMSOJqxh9NFbX6IwuU6scceZeNSbnquvbIibT3V=w408-h407-k-no,https://www.google.com/maps/place/Get+Fashion+-+Leicester-+Latest+Womens+Abayas+And+Dresses+./data=!4m7!3m6!1s0x4877618a3961ac19:0x904ec507fc5729fd!8m2!3d52.6384562!4d-1.1013923!16s%2Fg%2F11sbd_3t1h!19sChIJGaxhOYphd0gR_SlX_AfFTpA?authuser=0&hl=en&rclk=1
Quiz,3.8,67,Women's clothing store,"40 5 Shires Ln, Leicester LE1 4AN, United Kingdom",quizclothing.co.uk,+44 116 429 1334,https://lh5.googleusercontent.com/p/AF1QipP7ZzdI1M-ocJLK5Y9vdF0JffQIJIVNNq71AuuF=w408-h306-k-no,https://www.google.com/maps/place/Quiz/data=!4m7!3m6!1s0x4877611e31efb5b7:0xfea31344224239b7!8m2!3d52.6362462!4d-1.1354569!16s%2Fg%2F11h1kyxmvs!19sChIJt7XvMR5hd0gRtzlCIkQTo_4?authuser=0&hl=en&rclk=1
Gani's Leicester,4.5,13,Men's clothing store,"82 Green Ln Rd, Leicester LE5 3TJ, United Kingdom",,+44 116 262 1890,https://lh5.googleusercontent.com/p/AF1QipPhRsWaPArAnIBODJ7j3zfhWwsKb8aIo8Yl0WdV=w408-h240-k-no-pi-10-ya37.16-ro-0-fo100,https://www.google.com/maps/place/Gani%27s+Leicester/data=!4m7!3m6!1s0x4877616eb0e0b955:0x6bb82263a0da3841!8m2!3d52.6393819!4d-1.1041538!16s%2Fg%2F1v75rdq8!19sChIJVbngsG5hd0gRQTjaoGMiuGs?authuser=0&hl=en&rclk=1
DEFINE CLOTHING,3.6,11,Clothing store,"156 E Park Rd, Leicester LE5 4QB, United Kingdom",instagram.com,+44 7424 777588,https://streetviewpixels-pa.googleapis.com/v1/thumbnail?panoid=A4yEt4iLZYDH1tDlNzd_tA&cb_client=search.gws-prod.gps&w=408&h=240&yaw=164.60236&pitch=0&thumbfov=100,https://www.google.com/maps/place/DEFINE+CLOTHING/data=!4m7!3m6!1s0x487766b702852c27:0xf03d4eea3b914861!8m2!3d52.6354766!4d-1.1028804!16s%2Fg%2F11c5_xf5y3!19sChIJJyyFArdmd0gRYUiRO-pOPfA?authuser=0&hl=en&rclk=1
First Lady,2.7,38,Dress store,"198 Belgrave Rd, Leicester LE4 5AU, United Kingdom",,+44 116 261 2894,https://lh5.googleusercontent.com/p/AF1QipNoB-y0ojlryqe5ajfJusHH_QYeFtEvKu4KZaUp=w408-h725-k-no,https://www.google.com/maps/place/First+Lady/data=!4m7!3m6!1s0x48776108c7e8bd03:0x113839b3bbab2827!8m2!3d52.650109!4d-1.1227214!16s%2Fg%2F1tgdn1m4!19sChIJA73oxwhhd0gRJyiru7M5OBE?authuser=0&hl=en&rclk=1
JACK & JONES,4.4,94,Men's clothing store,"Unit LL86, Highcross Shopping Centre Vaughan Way, Centre, Leicester LE1 4AN, United Kingdom",jackjones.com,+44 116 262 5944,https://lh5.googleusercontent.com/p/AF1QipOx3Ud44dlb13qQvJodPnoQ4K2tTEbDi3niXfeO=w426-h240-k-no,https://www.google.com/maps/place/JACK+%26+JONES/data=!4m7!3m6!1s0x487760e1cd509b1f:0x6362b45cb4ed76d3!8m2!3d52.6359617!4d-1.1361207!16s%2Fg%2F1tjv300h!19sChIJH5tQzeFgd0gR03bttFy0YmM?authuser=0&hl=en&rclk=1
Vivah Fashion,4.5,119,Designer clothing store,"188 Belgrave Rd, Leicester LE4 5AU, United Kingdom",vivahfashion.co.uk,+44 116 266 4444,https://lh5.googleusercontent.com/p/AF1QipNgXakUHpv2jgQVu1MRWafUgUqkL0Lvq5XcL_2F=w408-h300-k-no,https://www.google.com/maps/place/Vivah+Fashion/data=!4m7!3m6!1s0x4877612332c8d313:0x33d1f6dfe6ed594e!8m2!3d52.6506286!4d-1.1221073!16s%2Fg%2F11fkr2kr3b!19sChIJE9PIMiNhd0gRTlnt5t_20TM?authuser=0&hl=en&rclk=1
Ladlee Direct,4.6,373,Clothing store,"103 Belgrave Rd, Leicester LE4 6AS, United Kingdom",ladleedirect.co.uk,+44 116 261 1630,https://lh5.googleusercontent.com/p/AF1QipM4g8ILE7q88glO1Oq2hz_OnWraHycjny-W5-j1=w408-h306-k-no,https://www.google.com/maps/place/Ladlee+Direct/data=!4m7!3m6!1s0x4877610a4a3ead35:0xd00ad584d9a15495!8m2!3d52.649873!4d-1.1222523!16s%2Fg%2F12llr06z7!19sChIJNa0-Sgphd0gRlVSh2YTVCtA?authuser=0&hl=en&rclk=1
Naqsh,3.9,36,Clothing store,"112 E Park Rd, Leicester LE5 4QB, United Kingdom",naqshonline.business.site,+44 116 212 1151,https://lh5.googleusercontent.com/p/AF1QipOUyhcR_RyrcyAz3Lu2Ga8k-cPxHOu2nfWXj26c=w408-h544-k-no,https://www.google.com/maps/place/Naqsh/data=!4m7!3m6!1s0x48776169ab8bad1f:0xe21ffbe2cb83b447!8m2!3d52.6363078!4d-1.1019343!16s%2Fg%2F113dhcbq4!19sChIJH62Lq2lhd0gRR7SDy-L7H-I?authuser=0&hl=en&rclk=1
Jellyrolls luxury Ladies wear,1.0,2,Women's clothing store,"29 Loseby Ln, Leicester LE1 5DR, United Kingdom",jellyrollskidswear.com,+44 116 251 9500,https://streetviewpixels-pa.googleapis.com/v1/thumbnail?panoid=-EmzdSPp8ppQprM_s0VaRw&cb_client=search.gws-prod.gps&w=408&h=240&yaw=110.893456&pitch=0&thumbfov=100,https://www.google.com/maps/place/Jellyrolls+luxury+Ladies+wear/data=!4m7!3m6!1s0x4877611fdc6ac057:0x3da1afd70aa774ef!8m2!3d52.6350756!4d-1.1360034!16s%2Fg%2F11b6cq5pby!19sChIJV8Bq3B9hd0gR73SnCtevoT0?authuser=0&hl=en&rclk=1
Sofys,2.6,5,Clothing store,"120 Green Ln Rd, Leicester LE5 3TJ, United Kingdom",,+44 7864 535338,https://lh5.googleusercontent.com/p/AF1QipPww3TlOZBYtG7KEBfEUcM4kx9sLjSi-shLvnOo=w408-h429-k-no,https://www.google.com/maps/place/Sofys/data=!4m7!3m6!1s0x487761692b5a15e3:0x99335d97f3bdf0cd!8m2!3d52.6388331!4d-1.1024647!16s%2Fg%2F11f_d84njy!19sChIJ4xVaK2lhd0gRzfC985ddM5k?authuser=0&hl=en&rclk=1
Fame Fashions,3.9,300,Clothing store,"192-196 Melton Rd, Belgrave, Leicester LE4 5EE, United Kingdom",shopatfame.com,+44 116 266 7600,https://lh5.googleusercontent.com/p/AF1QipNYFO_8eP7ohGEE6mL4cgkM2Wa9u8RAz-55ZEtv=w426-h240-k-no,https://www.google.com/maps/place/Fame+Fashions/data=!4m7!3m6!1s0x487761a0e07a4fc9:0x201ce33c1d41ca18!8m2!3d52.6573253!4d-1.1168598!16s%2Fg%2F1tfpzbnk!19sChIJyU964KBhd0gRGMpBHTzjHCA?authuser=0&hl=en&rclk=1
Jaan Leicester Ltd,4.2,53,Clothing store,"48 Buxton St, Leicester LE2 0FH, United Kingdom",jaanleicester.uk,+44 116 253 8808,https://streetviewpixels-pa.googleapis.com/v1/thumbnail?panoid=R8ipsbVrHhStk09b5D4K2A&cb_client=search.gws-prod.gps&w=408&h=240&yaw=308.4677&pitch=0&thumbfov=100,https://www.google.com/maps/place/Jaan+Leicester+Ltd/data=!4m7!3m6!1s0x4877611533e23fcd:0x4343bb7e77aba222!8m2!3d52.6352584!4d-1.1116164!16s%2Fg%2F1yh9tt7d8!19sChIJzT_iMxVhd0gRIqKrd367Q0M?authuser=0&hl=en&rclk=1
Angelee Punjabi Suits,4.0,40,Women's clothing store,"166 E Park Rd, Leicester LE5 4QB, United Kingdom",,+44 116 274 2600,https://lh5.googleusercontent.com/p/AF1QipNEBSfcqSIx9Ht_WJR8Xs7Llse4a8m3R2Zy6t36=w426-h240-k-no,https://www.google.com/maps/place/Angelee+Punjabi+Suits/data=!4m7!3m6!1s0x48776169aef49933:0x539b3d96bab9585a!8m2!3d52.6352956!4d-1.1030431!16s%2Fg%2F1tkv9873!19sChIJM5n0rmlhd0gRWli5upY9m1M?authuser=0&hl=en&rclk=1
Aniq,4.8,88,Clothing store,"279 St Saviours Rd, Leicester LE5 4HG, United Kingdom",aniq.co.uk,+44 7940 457030,https://lh5.googleusercontent.com/p/AF1QipNbBjJ2FGZ4P7LgQas_rJP-sGQ2U131UatlSfrx=w408-h306-k-no,https://www.google.com/maps/place/Aniq/data=!4m7!3m6!1s0x4877616833b6dc15:0xabb865fea285cd80!8m2!3d52.634359!4d-1.1016341!16s%2Fg%2F1tgcrcqf!19sChIJFdy2M2hhd0gRgM2Fov5luKs?authuser=0&hl=en&rclk=1
Pommygranit Leicester,4.6,10,Clothing store,"6, Odeon Arcade, Leicester LE1 5HJ, United Kingdom",,+44 116 262 5820,https://lh5.googleusercontent.com/p/AF1QipNIyZPNNAWTiy2WQXSqFN0_zUYSb6wGlezpYbzs=w408-h544-k-no,https://www.google.com/maps/place/Pommygranit+Leicester/data=!4m7!3m6!1s0x48776129b93c3ab7:0x8a51499417ff017e!8m2!3d52.6350388!4d-1.1341219!16s%2Fg%2F11g08twbng!19sChIJtzo8uSlhd0gRfgH_F5RJUYo?authuser=0&hl=en&rclk=1
Impeys,4.8,28,Women's clothing store,"1 Loseby Ln, Leicester LE1 5DR, United Kingdom",impeysoccasionwear.co.uk,+44 116 251 7256,https://lh5.googleusercontent.com/p/AF1QipN66TCyXwda1SDsxtjfrsFDg_WIZLMvtwVWCaZ9=w408-h306-k-no,https://www.google.com/maps/place/Impeys/data=!4m7!3m6!1s0x4877611fdc6ac059:0x75f2dc7f04283bc0!8m2!3d52.6344693!4d-1.1356316!16s%2Fg%2F1tfvynfr!19sChIJWcBq3B9hd0gRwDsoBH_c8nU?authuser=0&hl=en&rclk=1
Rima's,5.0,2,Designer clothing store,"110 E Park Rd, Leicester LE5 4QB, United Kingdom",,+44 7980 541756,https://lh5.googleusercontent.com/p/AF1QipOSJdsEDmSrsUoZ7MEIhgF7GiTqctswjcKZTzrZ=w426-h240-k-no,https://www.google.com/maps/place/Rima%27s/data=!4m7!3m6!1s0x487766c0bae2718b:0xf78e5ce0de9da4f9!8m2!3d52.636375!4d-1.101861!16s%2Fg%2F1th27xc0!19sChIJi3HiusBmd0gR-aSd3uBcjvc?authuser=0&hl=en&rclk=1
The Wardrobe,4.1,28,Vintage clothing store,"6, Royal Arcade, Leicester LE1 5YW, United Kingdom",thewardrobeclothing.com,+44 116 253 8983,https://lh5.googleusercontent.com/p/AF1QipNxJvRYsJyKAuKhF-JHkurPViDZgxKmu_uYwYgy=w408-h552-k-no,https://www.google.com/maps/place/The+Wardrobe/data=!4m7!3m6!1s0x4877611fce0068a9:0xa16fd90df8191a54!8m2!3d52.6355266!4d-1.1355669!16s%2Fg%2F1tflrj0x!19sChIJqWgAzh9hd0gRVBoZ-A3Zb6E?authuser=0&hl=en&rclk=1
Top Tier Clothing,5.0,3,Children's clothing store,"95 Upperton Rd, Leicester LE3 0HE, United Kingdom",toptierclothing.com,+44 116 222 0017,https://streetviewpixels-pa.googleapis.com/v1/thumbnail?panoid=thI92RQ6D_-1SH3gErFa-g&cb_client=search.gws-prod.gps&w=408&h=240&yaw=30.62089&pitch=0&thumbfov=100,https://www.google.com/maps/place/Top+Tier+Clothing/data=!4m7!3m6!1s0x4877610a20693f51:0x5af464abf7545b66!8m2!3d52.6264681!4d-1.1533912!16s%2Fg%2F11rc6y934v!19sChIJUT9pIAphd0gRZltU96tk9Fo?authuser=0&hl=en&rclk=1
Shree Shringar,4.9,47,Women's clothing store,"105/107, First Floor, Belgrave Rd, Leicester LE4 6AS, United Kingdom",shringar.co.uk,+44 116 261 2882,https://lh5.googleusercontent.com/p/AF1QipOxmqd76Mi5WXBrVw8FJ44yN4Yg8Xj1x282QmvW=w408-h544-k-no,https://www.google.com/maps/place/Shree+Shringar/data=!4m7!3m6!1s0x487761e179b61165:0x42c8dfbfa318f1c4!8m2!3d52.6499301!4d-1.1222518!16s%2Fg%2F11sqkkqqjz!19sChIJZRG2eeFhd0gRxPEYo7_fyEI?authuser=0&hl=en&rclk=1
Jeans & Jeans,3.9,20,Clothing store,"Haymarket Shopping Centre, 1 Kildare St, Leicester LE1 3YH, United Kingdom",haymarketshoppingcentre.com,+44 116 262 6967,https://lh5.googleusercontent.com/p/AF1QipN381chpDQNiJyfOCW9PbuRNJLYniBDBZP1yFT9=w408-h539-k-no,https://www.google.com/maps/place/Jeans+%26+Jeans/data=!4m7!3m6!1s0x4877611eea40404d:0xbd7e7e9363bef6df!8m2!3d52.6369911!4d-1.1317796!16s%2Fg%2F12hk64ll7!19sChIJTUBA6h5hd0gR3_a-Y5N-fr0?authuser=0&hl=en&rclk=1
Shehnai Boutique,5.0,2,Clothing store,"108 E Park Rd, Leicester LE5 4QB, United Kingdom",,+44 116 246 0874,https://lh5.googleusercontent.com/p/AF1QipMwm5zNGu-idhf1u2Hpsp8aYflDbyTei7JJ3s-b=w408-h306-k-no,https://www.google.com/maps/place/Shehnai+Boutique/data=!4m7!3m6!1s0x487766c0bae2718b:0x2f37d324c377c03d!8m2!3d52.636385!4d-1.1017478!16s%2Fg%2F1tr9my9p!19sChIJi3HiusBmd0gRPcB3wyTTNy8?authuser=0&hl=en&rclk=1
Chinabox Clothing - Leicester,4.6,21,Women's clothing store,"136 Green Ln Rd, Leicester LE5 3TL, United Kingdom",chinaboxclothing.co.uk,+44 7968 022362,https://lh5.googleusercontent.com/p/AF1QipO3AEa1dYbPrkt8Uj4tvhWaQ9UXe3Q8vIyzxiji=w408-h360-k-no,https://www.google.com/maps/place/Chinabox+Clothing+-+Leicester/data=!4m7!3m6!1s0x48776168cfcf7db9:0x61e17ac8a84acf29!8m2!3d52.6385678!4d-1.1017568!16s%2Fg%2F11b6qx5w3x!19sChIJuX3Pz2hhd0gRKc9KqMh64WE?authuser=0&hl=en&rclk=1
Top Fashion Leicester Ltd,4.8,9,Clothing store,"195 Gwendolen Rd, Leicester LE5 5FN, United Kingdom",,+44 116 319 9373,https://streetviewpixels-pa.googleapis.com/v1/thumbnail?panoid=G0ac85xyGCYmkSWq2rb1oA&cb_client=search.gws-prod.gps&w=408&h=240&yaw=155.59157&pitch=0&thumbfov=100,https://www.google.com/maps/place/Top+Fashion+Leicester+Ltd/data=!4m7!3m6!1s0x4877615cc3b5c307:0x92aa6b22c17f65c1!8m2!3d52.6293923!4d-1.0995838!16s%2Fg%2F11bzsyfnqk!19sChIJB8O1w1xhd0gRwWV_wSJrqpI?authuser=0&hl=en&rclk=1
BOSS Menswear Store,4.3,98,Men's clothing store,"5 Shires Ln, Highcross, Leicester LE1 4AN, United Kingdom",hugoboss.com,+44 116 242 9100,https://lh5.googleusercontent.com/p/AF1QipOCQwY9I7NuFAj3BcgEYQqX-cvSUKYE9yYtjB-5=w408-h300-k-no,https://www.google.com/maps/place/BOSS+Menswear+Store/data=!4m7!3m6!1s0x487760e1bc81176f:0xe02af1dc49540379!8m2!3d52.6357465!4d-1.1375098!16s%2Fg%2F1q5hsk3yg!19sChIJbxeBvOFgd0gReQNUSdzxKuA?authuser=0&hl=en&rclk=1
Pallavi Leicester,5.0,2,Clothing store,"79 Belgrave Rd, Leicester LE4 6AS, United Kingdom",,+44 7853 204741,https://lh5.googleusercontent.com/p/AF1QipMzPU6ROSsfyWAYL31J7piwf748XhaX_t_JrRJt=w408-h240-k-no-pi-20-ya323.34-ro-0-fo100,https://www.google.com/maps/place/Pallavi+Leicester/data=!4m7!3m6!1s0x48776108ce6b57c1:0xae72c052e5b67637!8m2!3d52.6490933!4d-1.1228504!16s%2Fg%2F1tmql8xr!19sChIJwVdrzghhd0gRN3a25VLAcq4?authuser=0&hl=en&rclk=1
Just Fair Trade,4.4,34,Clothing store,"36 Silver St, Leicester LE1 5ET, United Kingdom",justfairtrade.com,+44 116 253 8032,https://lh5.googleusercontent.com/p/AF1QipPvYNfLyfiQFpSZVL8mUNvL0D27OV0LhDm-VueR=w513-h240-k-no,https://www.google.com/maps/place/Just+Fair+Trade/data=!4m7!3m6!1s0x4877611fb64dae69:0xdc44ef9b97422d75!8m2!3d52.6352368!4d-1.1353692!16s%2Fg%2F1tg_8_6b!19sChIJaa5Nth9hd0gRdS1Cl5vvRNw?authuser=0&hl=en&rclk=1
Deepam Leicester,3.8,10,Clothing store,"111-113 Belgrave Rd, Leicester LE4 6AS, United Kingdom",deepamleicester.co.uk,+44 116 266 1244,https://lh5.googleusercontent.com/p/AF1QipOgOxQAuWJiIHp9DP7afZz4BcXJgc0b7watmcBU=w408-h544-k-no,https://www.google.com/maps/place/Deepam+Leicester/data=!4m7!3m6!1s0x4877617fa6e527d5:0x53dd0d8d181c644d!8m2!3d52.6501451!4d-1.1221522!16s%2Fg%2F11rdc68lnv!19sChIJ1Sflpn9hd0gRTWQcGI0N3VM?authuser=0&hl=en&rclk=1
THE KIDZ FASHION,5.0,48,Children's clothing store,"20 Mere Rd, Leicester LE5 3HQ, United Kingdom",thekidzfashion.co.uk,+44 116 251 8066,https://lh5.googleusercontent.com/p/AF1QipOAdxqS5h8e-o9V9v7_tHjEMrFpuTS5IMsFL-zr=w426-h240-k-no,https://www.google.com/maps/place/THE+KIDZ+FASHION/data=!4m7!3m6!1s0x4877616c79d681d9:0x8a760a059adf3fbe!8m2!3d52.639327!4d-1.1073898!16s%2Fg%2F11clzj3x79!19sChIJ2YHWeWxhd0gRvj_fmgUKdoo?authuser=0&hl=en&rclk=1
Euro Outlet,5.0,1,Clothing store,"Church Gate, Leicester LE1 3AN, United Kingdom",,+44 116 367 8062,https://lh5.googleusercontent.com/p/AF1QipPy3LprBiL0dbx6u_ps-oFD_Z3bg-J0CXwrb6kj=w408-h240-k-no-pi-0-ya11.92001-ro-0-fo100,https://www.google.com/maps/place/Euro+Outlet/data=!4m7!3m6!1s0x48776125f92b942b:0xbb4c54bc9a59bd7b!8m2!3d52.6372911!4d-1.1341426!16s%2Fg%2F11g196t38c!19sChIJK5Qr-SVhd0gRe71ZmrxUTLs?authuser=0&hl=en&rclk=1
Rupali Online,4.4,20,Clothing store,"Unit 17 E Park Rd, Leicester LE5 4QA, United Kingdom",rupalionline.com,+44 116 246 4111,https://lh5.googleusercontent.com/p/AF1QipOrAJ3E-vYofEj7_Gfg6MF0Ks_vC80gOczEo6l0=w408-h408-k-no,https://www.google.com/maps/place/Rupali+Online/data=!4m7!3m6!1s0x48776168d0a050d7:0xb461430521e3c611!8m2!3d52.6379141!4d-1.1007985!16s%2Fg%2F1td7h78l!19sChIJ11Cg0Ghhd0gREcbjIQVDYbQ?authuser=0&hl=en&rclk=1
KingsLuxeItalia,4.9,17,Clothing store,"38B Belvoir St, Leicester LE1 6QJ, United Kingdom",kingsluxe.com,+44 7448 539224,https://lh5.googleusercontent.com/p/AF1QipPIBIGePreRLH6Lci1QBcO5fWyahVrW1NR6zTPV=w408-h544-k-no,https://www.google.com/maps/place/KingsLuxeItalia/data=!4m7!3m6!1s0x82f8c1c99d818b2b:0x182a6dad528f3ddc!8m2!3d52.6325879!4d-1.1317018!16s%2Fg%2F11rq6x4z67!19sChIJK4uBncnB-IIR3D2PUq1tKhg?authuser=0&hl=en&rclk=1
Indikal,2.4,27,Clothing store,"160 Belgrave Rd, Leicester LE4 5AU, United Kingdom",indikal.co.uk,+44 116 261 0520,https://lh5.googleusercontent.com/p/AF1QipOF2gCxQ939_aSwkYWU5ZRhLzgMukpWzvfNMdyt=w408-h432-k-no,https://www.google.com/maps/place/Indikal/data=!4m7!3m6!1s0x48776108c7e8bd03:0x2716e6e059d5e02a!8m2!3d52.6495884!4d-1.122943!16s%2Fg%2F1tfmh9s9!19sChIJA73oxwhhd0gRKuDVWeDmFic?authuser=0&hl=en&rclk=1
Flannels,3.6,317,Clothing store,"Unit 12, Fosse Park West, Leicester LE19 1HZ, United Kingdom",flannels.com,+44 343 909 2711,https://lh5.googleusercontent.com/p/AF1QipMRuINgKc0Zui-5--_AmfOrECnyGQTLnvfW6zHk=w408-h306-k-no,https://www.google.com/maps/place/Flannels/data=!4m7!3m6!1s0x4877672125ddcb8f:0x18759f386cdace82!8m2!3d52.634615!4d-1.130867!16s%2Fg%2F11p9nyxsdw!19sChIJj8vdJSFnd0gRgs7abDifdRg?authuser=0&hl=en&rclk=1
Fusion Collection,4.3,3,Clothing store,"Residential Accomadation Tegbaha, 124 E Park Rd, Leicester LE5 4QB, United Kingdom",,+44 116 276 7444,https://streetviewpixels-pa.googleapis.com/v1/thumbnail?panoid=E5__WGbJdstDei_kj8EjiQ&cb_client=search.gws-prod.gps&w=408&h=240&yaw=165.0047&pitch=0&thumbfov=100,https://www.google.com/maps/place/Fusion+Collection/data=!4m7!3m6!1s0x48776169ab8bad1f:0xad30bde7f8a04dbf!8m2!3d52.635936!4d-1.1023306!16s%2Fg%2F1hc1n6xg6!19sChIJH62Lq2lhd0gRv02g-Oe9MK0?authuser=0&hl=en&rclk=1
Stylex,3.1,17,Clothing store,"77 Belgrave Rd, Leicester LE4 6AS, United Kingdom",stores.ebay.co.uk,+44 116 261 0399,https://lh5.googleusercontent.com/p/AF1QipOepadkGF5KKh07PoP12f5ym4M7fTdRNskLYIT8=w408-h407-k-no,https://www.google.com/maps/place/Stylex/data=!4m7!3m6!1s0x4877610f4a1860b9:0x97a8e69388dcd086!8m2!3d52.649026!4d-1.122812!16s%2Fg%2F1v4k6079!19sChIJuWAYSg9hd0gRhtDciJPmqJc?authuser=0&hl=en&rclk=1
F&F Clothing,4.0,2,Clothing store,"2 Maidenwell Ave, Hamilton, Leicester LE5 1BJ, United Kingdom",tesco.com,+44 345 266 6579,https://lh5.googleusercontent.com/p/AF1QipNWV8iWP3LPDBFckoM3MHmd0aJZ2QQ21-BMTIKT=w408-h544-k-no,https://www.google.com/maps/place/F%26F+Clothing/data=!4m7!3m6!1s0x487763ccf4f8b2bf:0xbeffc49799f532c9!8m2!3d52.6527083!4d-1.0699383!16s%2Fg%2F11cnc44mq9!19sChIJv7L49Mxjd0gRyTL1mZfE_74?authuser=0&hl=en&rclk=1
Anokhi House Of Sarees,4.3,61,Fashion designer,"99-101 Belgrave Rd, Leicester LE4 6AS, United Kingdom",anokhisarees.co.uk,+44 116 266 6622,https://lh5.googleusercontent.com/p/AF1QipOwA4NE6hp5-7SWRwdx3AptDNHZuVGF-Sua44uj=w426-h240-k-no,https://www.google.com/maps/place/Anokhi+House+Of+Sarees/data=!4m7!3m6!1s0x48776108cbf70179:0xa6dfe231a71d0d85!8m2!3d52.6496467!4d-1.1223393!16s%2Fg%2F1tgb6v_v!19sChIJeQH3ywhhd0gRhQ0dpzHi36Y?authuser=0&hl=en&rclk=1
Zamiah leicester,4.3,15,Clothing store,"258 Humberstone Rd, Leicester LE5 0EG, United Kingdom",,+44 116 262 1605,https://lh5.googleusercontent.com/p/AF1QipMG4M25NtU4EqElcSTR-UkkOkmjs_CkIR9dTOt9=w408-h725-k-no,https://www.google.com/maps/place/Zamiah+leicester/data=!4m7!3m6!1s0x487761065bbcad8b:0x5dd792aa6227c25f!8m2!3d52.6412446!4d-1.1113061!16s%2Fg%2F11b75hrrlm!19sChIJi628WwZhd0gRX8InYqqS110?authuser=0&hl=en&rclk=1
Ashshifa,4.6,29,Clothing store,"263 St Saviours Rd, Leicester LE5 4HG, United Kingdom",ashshifa.co.uk,+44 116 273 3753,https://lh5.googleusercontent.com/p/AF1QipNdZYiB4G7gBOIANCO-wximnfnxJ6KfUIRoHdbf=w408-h906-k-no,https://www.google.com/maps/place/Ashshifa/data=!4m7!3m6!1s0x487761682f894133:0xcf3ae396ac7a65ae!8m2!3d52.6345921!4d-1.102176!16s%2Fg%2F11bzzzsds7!19sChIJM0GJL2hhd0gRrmV6rJbjOs8?authuser=0&hl=en&rclk=1
Divine Boutique,4.6,42,Dress store,"44 Silver St, Leicester LE1 5ET, United Kingdom",divine-boutique.co.uk,+44 116 251 6924,https://lh5.googleusercontent.com/p/AF1QipOcRkz3EByjxeoaCX3PXbt4mjoFUPMahoumM-Cu=w408-h271-k-no,https://www.google.com/maps/place/Divine+Boutique/data=!4m7!3m6!1s0x4877611fb178f227:0xe079f77917750810!8m2!3d52.6351345!4d-1.135928!16s%2Fg%2F1pxq98pfz!19sChIJJ_J4sR9hd0gREAh1F3n3eeA?authuser=0&hl=en&rclk=1
Parul Wholesalers & Retailers,4.7,30,Clothing store,"98A Belgrave Rd, Leicester LE4 5AT, United Kingdom",,+44 116 319 2868,https://lh5.googleusercontent.com/p/AF1QipOKfIEMF-5eFxRVjYJDhJduzmjY4N21KgetgI-U=w427-h240-k-no,https://www.google.com/maps/place/Parul+Wholesalers+%26+Retailers/data=!4m7!3m6!1s0x4877610f5e6be975:0x67719f4948c7f53b!8m2!3d52.6480015!4d-1.124109!16s%2Fg%2F11c1ny7y19!19sChIJdelrXg9hd0gRO_XHSEmfcWc?authuser=0&hl=en&rclk=1
Suit Yourself,4.5,78,Men's clothing store,"24 Belvoir St, Leicester LE1 6QH, United Kingdom",suityourself.co.uk,+44 116 255 3772,https://lh5.googleusercontent.com/p/AF1QipNcT1PVT9m1aaDb-AG8Uif9UGtBkN7NZ6rqYMfK=w408-h544-k-no,https://www.google.com/maps/place/Suit+Yourself/data=!4m7!3m6!1s0x48776121e370a1c1:0x179adb332b6cdc80!8m2!3d52.6329188!4d-1.1309096!16s%2Fg%2F1vf9bw8v!19sChIJwaFw4yFhd0gRgNxsKzPbmhc?authuser=0&hl=en&rclk=1
Moss Bros Leicester,3.7,154,Men's clothing store,"73-75 High St, Leicester LE1 4FR, United Kingdom",moss.co.uk,+44 116 253 6013,https://lh5.googleusercontent.com/p/AF1QipMvpJ2h3LsSmOFYQ4HAFjVrH4WJRkSmIh0OOmsC=w408-h303-k-no,https://www.google.com/maps/place/Moss+Bros+Leicester/data=!4m7!3m6!1s0x487760e04bb8069f:0x5a580743b75d0ba1!8m2!3d52.6357502!4d-1.1363222!16s%2Fg%2F1tl8k6jx!19sChIJnwa4S-Bgd0gRoQtdt0MHWFo?authuser=0&hl=en&rclk=1
Accessorize,3.8,32,Fashion accessories store,"31A Shires Ln, Highcross, Leicester LE1 4FP, United Kingdom",stores-uk.accessorize.com,+44 116 262 3139,https://lh5.googleusercontent.com/p/AF1QipNPd4rn4EZQJxTpDVDA9te8DQLNjh-PC2mrQPe2=w408-h306-k-no,https://www.google.com/maps/place/Accessorize/data=!4m7!3m6!1s0x48776759672a9201:0x168ad13633260b4c!8m2!3d52.6362111!4d-1.1367037!16s%2Fg%2F1tk6pv74!19sChIJAZIqZ1lnd0gRTAsmMzbRihY?authuser=0&hl=en&rclk=1
Scotney's of London Road,4.9,51,Men's clothing store,"132 London Rd, Leicester LE2 1EB, United Kingdom",scotneysoflondonroad.com,+44 116 255 1222,https://lh5.googleusercontent.com/p/AF1QipOvYrbMHggwEVbtHaDcyP0J02PqPWLLGNN_KYv7=w408-h544-k-no,https://www.google.com/maps/place/Scotney%27s+of+London+Road/data=!4m7!3m6!1s0x4877613b84605923:0xff303b2161c5625e!8m2!3d52.6275003!4d-1.1198152!16s%2Fg%2F1hcb48z12!19sChIJI1lghDthd0gRXmLFYSE7MP8?authuser=0&hl=en&rclk=1
Blacks,4.1,143,Outdoor clothing and equipment shop,"46 High St, Leicester LE1 5YN, United Kingdom",blacks.co.uk,+44 116 216 9586,https://lh5.googleusercontent.com/p/AF1QipMz2dAq_H4rnopfoP7awZkmi-AMUPrHhXhMXiPo=w408-h543-k-no,https://www.google.com/maps/place/Blacks/data=!4m7!3m6!1s0x4877611f51a5c35d:0x554b6acf3cb4b55f!8m2!3d52.635538!4d-1.135933!16s%2Fg%2F1thz151s!19sChIJXcOlUR9hd0gRX7W0PM9qS1U?authuser=0&hl=en&rclk=1
ZARA,3.8,874,Clothing store,"5 Shires Ln, Leicester LE1 4AN, United Kingdom",zara.com,+44 800 368 4990,https://lh5.googleusercontent.com/p/AF1QipNSfEsthhK8g79PW6r3enPAnYFKRqPVbWhob7fH=w408-h306-k-no,https://www.google.com/maps/place/ZARA/data=!4m7!3m6!1s0x487760e1cd509b1f:0x633d66c0dac1fd6c!8m2!3d52.635914!4d-1.1371111!16s%2Fg%2F1tplptxc!19sChIJH5tQzeFgd0gRbP3B2sBmPWM?authuser=0&hl=en&rclk=1
Hayah Al-Muslimah | Abayas,4.3,36,Clothing store,"31 Wood Hill, Leicester LE5 3SP, United Kingdom",hayahalmuslimah.com,+44 7549 906992,https://lh5.googleusercontent.com/p/AF1QipNJ-H-mCrqyiH-f_9w8PpPWOP4UhoGoCtA2Y-bC=w408-h306-k-no,https://www.google.com/maps/place/Hayah+Al-Muslimah+%7C+Abayas/data=!4m7!3m6!1s0x4877616ccd5076fd:0x9a72f51e0a8e6515!8m2!3d52.6377205!4d-1.1054949!16s%2Fg%2F11gjw6by88!19sChIJ_XZQzWxhd0gRFWWOCh71cpo?authuser=0&hl=en&rclk=1
The Knitwear Store LTD,5.0,1,Clothing store,"39 Spalding St, Leicester LE5 4PH, United Kingdom",,+44 7724 797489,https://lh5.googleusercontent.com/p/AF1QipMnMBbRLQN-8lCagoR2RCBToFax_7TSx5Qu1kBO=w466-h240-k-no,https://www.google.com/maps/place/The+Knitwear+Store+LTD/data=!4m7!3m6!1s0x487761b6b940a557:0xd67069138b8c7e6b!8m2!3d52.637989!4d-1.0965052!16s%2Fg%2F11gxnwjpn1!19sChIJV6VAubZhd0gRa36MixNpcNY?authuser=0&hl=en&rclk=1
Shenu Fashions,4.0,3,Baby clothing store,"3 Western Rd, Leicester LE3 0GD, United Kingdom",,+44 116 254 3440,https://lh5.googleusercontent.com/p/AF1QipOKceu3OSkBXglLNNq-n7nmbDgVyC6YMtFSkFnx=w408-h461-k-no,https://www.google.com/maps/place/Shenu+Fashions/data=!4m7!3m6!1s0x487760dcdca43cc5:0x66cfd487c26bd956!8m2!3d52.6301605!4d-1.1469585!16s%2Fg%2F1tngpsym!19sChIJxTyk3Nxgd0gRVtlrwofUz2Y?authuser=0&hl=en&rclk=1
Arinder Bhullar,4.3,53,Bridal shop,"95 Belgrave Rd, Leicester LE4 6AS, United Kingdom",arinderbhullar.com,+44 116 266 4713,https://lh5.googleusercontent.com/p/AF1QipO4DEi-iXgct6vRyKkbG-3_ixi02EZE3IwBfbU=w408-h306-k-no,https://www.google.com/maps/place/Arinder+Bhullar/data=!4m7!3m6!1s0x48776108cbf70179:0x4e346c73c227d9a3!8m2!3d52.6496453!4d-1.1224445!16s%2Fg%2F1tj210x_!19sChIJeQH3ywhhd0gRo9knwnNsNE4?authuser=0&hl=en&rclk=1
Abiti Ladieswear,4.6,8,Women's clothing store,"35 Francis St, Stoneygate, Leicester LE2 2BE, United Kingdom",abiti-ladies.co.uk,+44 116 270 4379,https://lh5.googleusercontent.com/p/AF1QipNOZGQV318psxUXWLiFMGXH0NC2cE6tKIItk4Xq=w408-h306-k-no,https://www.google.com/maps/place/Abiti+Ladieswear/data=!4m7!3m6!1s0x4877614c3249b3bd:0x714b308dbe007681!8m2!3d52.6168959!4d-1.1012636!16s%2Fg%2F12jsh0x4d!19sChIJvbNJMkxhd0gRgXYAvo0wS3E?authuser=0&hl=en&rclk=1
Customised Clothing,5.0,7,Custom t-shirt store,"53 Bedford St S, Leicester LE1 3JR, United Kingdom",customisedclothing.com,+44 116 467 0260,https://lh5.googleusercontent.com/p/AF1QipOTVi4RP74GZu9ta2MVqiW940wOGG5HX2eI8eW4=w408-h612-k-no,https://www.google.com/maps/place/Customised+Clothing/data=!4m7!3m6!1s0x487761b6fdb17633:0xf3ca5f9adc22cfb5!8m2!3d52.6396682!4d-1.129504!16s%2Fg%2F11j5f5d7wc!19sChIJM3ax_bZhd0gRtc8i3JpfyvM?authuser=0&hl=en&rclk=1
